"","chr","pos","rz.F.CSMI","pval","CI.lodint","CI.bayesint","peakMar"
"c4.loc54","4",56.041676635,3.16082059228325,0.054,"42.13-82.64","45.76 - 82.04","D4Mit124"
"c6.loc48","6",49.806,5.45424529433749,0,"19.81-61.81","25.81 - 59.81","D6Mit150"
"c8.loc62","8",69.587,8.84484765947685,0,"41.59-74.68","47.59 - 74.68","D8Mit280"
"D10Mit233","10",61.58215832,2.06297940205448,0.478,"34.72-61.58","39.66 - 61.58","D10Mit233"
"c13.loc52","13",58.989323878,2.30073988409892,0.302,"10.99-65.32","16.99 - 65.32","D13Mit226"
"c15.loc26","15",29.962314738,3.9746544243228,0.009,"13.02-45.96","17.96 - 41.96","D15Mit209"
"c17.loc24","17",26.107,8.69557999879312,0,"6.11-46.11","10.11 - 44.11","D17Mit10"
