"","Ftotden","P","CrtThk"
"5%",3.25815804114079,3.28300016126729,3.18827263863492
